<?xml version="1.0" encoding="UTF-8"?>
<project-private xmlns="http://www.netbeans.org/ns/project-private/1">
    <editor-bookmarks xmlns="http://www.netbeans.org/ns/editor-bookmarks/2" lastBookmarkId="0"/>
    <open-files xmlns="http://www.netbeans.org/ns/projectui-open-files/2">
        <group>
            <file>file:/C:/Users/wawong/Documents/apache/CIL_service/Apache24/html/CIL_RS/CIL_RS/application/controllers/Rest.php</file>
            <file>file:/C:/Users/wawong/Documents/apache/CIL_service/Apache24/html/CIL_RS/CIL_RS/application/controllers/DBUtil.php</file>
        </group>
    </open-files>
</project-private>
